adm_0_name,adm_1_name,adm_2_name,full_name,ISO_A0,FAO_GAUL_code,RNE_iso_code,IBGE_code,calendar_start_date,calendar_end_date,Year,dengue_total,case_definition_standardised,S_res,T_res,UUID,region
BANGLADESH,NA,NA,BANGLADESH,BGD,23,BGD,NA,2015-12-01,2015-12-31,2015,75,Confirmed,Admin0,Month,MOH-BGD-20002021-Y01-01,SEARO
BANGLADESH,NA,NA,BANGLADESH,BGD,23,BGD,NA,2017-09-01,2017-09-30,2017,430,Confirmed,Admin0,Month,MOH-BGD-20002021-Y01-01,SEARO
BANGLADESH,NA,NA,BANGLADESH,BGD,23,BGD,NA,2016-03-01,2016-03-31,2016,17,Confirmed,Admin0,Month,MOH-BGD-20002021-Y01-01,SEARO
BANGLADESH,NA,NA,BANGLADESH,BGD,23,BGD,NA,2016-04-01,2016-04-30,2016,38,Confirmed,Admin0,Month,MOH-BGD-20002021-Y01-01,SEARO
BANGLADESH,NA,NA,BANGLADESH,BGD,23,BGD,NA,2016-01-01,2016-01-31,2016,13,Confirmed,Admin0,Month,MOH-BGD-20002021-Y01-01,SEARO
BANGLADESH,NA,NA,BANGLADESH,BGD,23,BGD,NA,2016-02-01,2016-02-29,2016,3,Confirmed,Admin0,Month,MOH-BGD-20002021-Y01-01,SEARO
BANGLADESH,NA,NA,BANGLADESH,BGD,23,BGD,NA,2016-07-01,2016-07-31,2016,926,Confirmed,Admin0,Month,MOH-BGD-20002021-Y01-01,SEARO
BANGLADESH,NA,NA,BANGLADESH,BGD,23,BGD,NA,2017-10-01,2017-10-31,2017,512,Confirmed,Admin0,Month,MOH-BGD-20002021-Y01-01,SEARO
BANGLADESH,NA,NA,BANGLADESH,BGD,23,BGD,NA,2016-05-01,2016-05-31,2016,70,Confirmed,Admin0,Month,MOH-BGD-20002021-Y01-01,SEARO
BANGLADESH,NA,NA,BANGLADESH,BGD,23,BGD,NA,2016-06-01,2016-06-30,2016,254,Confirmed,Admin0,Month,MOH-BGD-20002021-Y01-01,SEARO
BANGLADESH,NA,NA,BANGLADESH,BGD,23,BGD,NA,2016-11-01,2016-11-30,2016,522,Confirmed,Admin0,Month,MOH-BGD-20002021-Y01-01,SEARO
BANGLADESH,NA,NA,BANGLADESH,BGD,23,BGD,NA,2016-12-01,2016-12-31,2016,145,Confirmed,Admin0,Month,MOH-BGD-20002021-Y01-01,SEARO
BANGLADESH,NA,NA,BANGLADESH,BGD,23,BGD,NA,2017-01-01,2017-01-31,2017,92,Confirmed,Admin0,Month,MOH-BGD-20002021-Y01-01,SEARO
BANGLADESH,NA,NA,BANGLADESH,BGD,23,BGD,NA,2017-02-01,2017-02-28,2017,58,Confirmed,Admin0,Month,MOH-BGD-20002021-Y01-01,SEARO
BANGLADESH,NA,NA,BANGLADESH,BGD,23,BGD,NA,2017-03-01,2017-03-31,2017,36,Confirmed,Admin0,Month,MOH-BGD-20002021-Y01-01,SEARO
BANGLADESH,NA,NA,BANGLADESH,BGD,23,BGD,NA,2017-04-01,2017-04-30,2017,73,Confirmed,Admin0,Month,MOH-BGD-20002021-Y01-01,SEARO
BANGLADESH,NA,NA,BANGLADESH,BGD,23,BGD,NA,2017-05-01,2017-05-31,2017,134,Confirmed,Admin0,Month,MOH-BGD-20002021-Y01-01,SEARO
BANGLADESH,NA,NA,BANGLADESH,BGD,23,BGD,NA,2017-06-01,2017-06-30,2017,267,Confirmed,Admin0,Month,MOH-BGD-20002021-Y01-01,SEARO
BANGLADESH,NA,NA,BANGLADESH,BGD,23,BGD,NA,2017-07-01,2017-07-31,2017,286,Confirmed,Admin0,Month,MOH-BGD-20002021-Y01-01,SEARO
BANGLADESH,NA,NA,BANGLADESH,BGD,23,BGD,NA,2017-08-01,2017-08-31,2017,346,Confirmed,Admin0,Month,MOH-BGD-20002021-Y01-01,SEARO
BANGLADESH,NA,NA,BANGLADESH,BGD,23,BGD,NA,2016-08-01,2016-08-31,2016,1451,Confirmed,Admin0,Month,MOH-BGD-20002021-Y01-01,SEARO
BANGLADESH,NA,NA,BANGLADESH,BGD,23,BGD,NA,2016-09-01,2016-09-30,2016,1544,Confirmed,Admin0,Month,MOH-BGD-20002021-Y01-01,SEARO
BANGLADESH,NA,NA,BANGLADESH,BGD,23,BGD,NA,2016-10-01,2016-10-31,2016,1077,Confirmed,Admin0,Month,MOH-BGD-20002021-Y01-01,SEARO
BANGLADESH,NA,NA,BANGLADESH,BGD,23,BGD,NA,2015-08-01,2015-08-31,2015,765,Confirmed,Admin0,Month,MOH-BGD-20002021-Y01-01,SEARO
BANGLADESH,NA,NA,BANGLADESH,BGD,23,BGD,NA,2015-09-01,2015-09-30,2015,965,Confirmed,Admin0,Month,MOH-BGD-20002021-Y01-01,SEARO
BANGLADESH,NA,NA,BANGLADESH,BGD,23,BGD,NA,2015-10-01,2015-10-31,2015,869,Confirmed,Admin0,Month,MOH-BGD-20002021-Y01-01,SEARO
BANGLADESH,NA,NA,BANGLADESH,BGD,23,BGD,NA,2015-11-01,2015-11-30,2015,271,Confirmed,Admin0,Month,MOH-BGD-20002021-Y01-01,SEARO
BANGLADESH,NA,NA,BANGLADESH,BGD,23,BGD,NA,1980-01-01,1980-12-31,1980,4,Total,Admin0,Year,TYCHO-ALL-19242017-SV_DF01-00,SEARO
BANGLADESH,NA,NA,BANGLADESH,BGD,23,BGD,NA,1985-01-01,1985-12-31,1985,0,Total,Admin0,Year,WHOSEARO-ALL-19852009-Y01-00,SEARO
BANGLADESH,NA,NA,BANGLADESH,BGD,23,BGD,NA,1986-01-01,1986-12-31,1986,0,Total,Admin0,Year,WHOSEARO-ALL-19852009-Y01-00,SEARO
BANGLADESH,NA,NA,BANGLADESH,BGD,23,BGD,NA,1987-01-01,1987-12-31,1987,0,Total,Admin0,Year,WHOSEARO-ALL-19852009-Y01-00,SEARO
BANGLADESH,NA,NA,BANGLADESH,BGD,23,BGD,NA,1988-01-01,1988-12-31,1988,0,Total,Admin0,Year,WHOSEARO-ALL-19852009-Y01-00,SEARO
BANGLADESH,NA,NA,BANGLADESH,BGD,23,BGD,NA,1989-01-01,1989-12-31,1989,0,Total,Admin0,Year,WHOSEARO-ALL-19852009-Y01-00,SEARO
BANGLADESH,NA,NA,BANGLADESH,BGD,23,BGD,NA,2014-04-01,2014-04-30,2014,0,Confirmed,Admin0,Month,MOH-BGD-20002021-Y01-01,SEARO
BANGLADESH,NA,NA,BANGLADESH,BGD,23,BGD,NA,2014-05-01,2014-05-31,2014,8,Confirmed,Admin0,Month,MOH-BGD-20002021-Y01-01,SEARO
BANGLADESH,NA,NA,BANGLADESH,BGD,23,BGD,NA,2014-06-01,2014-06-30,2014,9,Confirmed,Admin0,Month,MOH-BGD-20002021-Y01-01,SEARO
BANGLADESH,NA,NA,BANGLADESH,BGD,23,BGD,NA,1993-01-01,1993-12-31,1993,0,Total,Admin0,Year,WHOSEARO-ALL-19852009-Y01-00,SEARO
BANGLADESH,NA,NA,BANGLADESH,BGD,23,BGD,NA,1994-01-01,1994-12-31,1994,0,Total,Admin0,Year,WHOSEARO-ALL-19852009-Y01-00,SEARO
BANGLADESH,NA,NA,BANGLADESH,BGD,23,BGD,NA,1995-01-01,1995-12-31,1995,0,Total,Admin0,Year,WHOSEARO-ALL-19852009-Y01-00,SEARO
BANGLADESH,NA,NA,BANGLADESH,BGD,23,BGD,NA,1996-01-01,1996-12-31,1996,0,Total,Admin0,Year,WHOSEARO-ALL-19852009-Y01-00,SEARO
BANGLADESH,NA,NA,BANGLADESH,BGD,23,BGD,NA,1997-01-01,1997-12-31,1997,0,Total,Admin0,Year,WHOSEARO-ALL-19852009-Y01-00,SEARO
BANGLADESH,NA,NA,BANGLADESH,BGD,23,BGD,NA,1998-01-01,1998-12-31,1998,0,Total,Admin0,Year,WHOSEARO-ALL-19852009-Y01-00,SEARO
BANGLADESH,NA,NA,BANGLADESH,BGD,23,BGD,NA,1999-01-01,1999-12-31,1999,273,Total,Admin0,Year,WHOSEARO-ALL-19852009-Y01-00,SEARO
BANGLADESH,NA,NA,BANGLADESH,BGD,23,BGD,NA,2000-01-01,2000-12-31,2000,5551,Total,Admin0,Year,MOH-BGD-20002021-Y01-00,SEARO
BANGLADESH,NA,NA,BANGLADESH,BGD,23,BGD,NA,2001-01-01,2001-12-31,2001,2430,Total,Admin0,Year,MOH-BGD-20002021-Y01-00,SEARO
BANGLADESH,NA,NA,BANGLADESH,BGD,23,BGD,NA,2002-01-01,2002-12-31,2002,6132,Total,Admin0,Year,MOH-BGD-20002021-Y01-00,SEARO
BANGLADESH,NA,NA,BANGLADESH,BGD,23,BGD,NA,1990-01-01,1990-12-31,1990,0,Total,Admin0,Year,WHOSEARO-ALL-19852009-Y01-00,SEARO
BANGLADESH,NA,NA,BANGLADESH,BGD,23,BGD,NA,1991-01-01,1991-12-31,1991,0,Total,Admin0,Year,WHOSEARO-ALL-19852009-Y01-00,SEARO
BANGLADESH,NA,NA,BANGLADESH,BGD,23,BGD,NA,1992-01-01,1992-12-31,1992,0,Total,Admin0,Year,WHOSEARO-ALL-19852009-Y01-00,SEARO
BANGLADESH,NA,NA,BANGLADESH,BGD,23,BGD,NA,2006-01-01,2006-12-31,2006,2200,Total,Admin0,Year,MOH-BGD-20002021-Y01-00,SEARO
BANGLADESH,NA,NA,BANGLADESH,BGD,23,BGD,NA,2014-07-01,2014-07-31,2014,82,Confirmed,Admin0,Month,MOH-BGD-20002021-Y01-01,SEARO
BANGLADESH,NA,NA,BANGLADESH,BGD,23,BGD,NA,2014-08-01,2014-08-31,2014,80,Confirmed,Admin0,Month,MOH-BGD-20002021-Y01-01,SEARO
BANGLADESH,NA,NA,BANGLADESH,BGD,23,BGD,NA,2014-09-01,2014-09-30,2014,76,Confirmed,Admin0,Month,MOH-BGD-20002021-Y01-01,SEARO
BANGLADESH,NA,NA,BANGLADESH,BGD,23,BGD,NA,2014-10-01,2014-10-31,2014,63,Confirmed,Admin0,Month,MOH-BGD-20002021-Y01-01,SEARO
BANGLADESH,NA,NA,BANGLADESH,BGD,23,BGD,NA,2014-11-01,2014-11-30,2014,22,Confirmed,Admin0,Month,MOH-BGD-20002021-Y01-01,SEARO
BANGLADESH,NA,NA,BANGLADESH,BGD,23,BGD,NA,2014-12-01,2014-12-31,2014,11,Confirmed,Admin0,Month,MOH-BGD-20002021-Y01-01,SEARO
BANGLADESH,NA,NA,BANGLADESH,BGD,23,BGD,NA,2015-01-01,2015-01-31,2015,0,Confirmed,Admin0,Month,MOH-BGD-20002021-Y01-01,SEARO
BANGLADESH,NA,NA,BANGLADESH,BGD,23,BGD,NA,2015-02-01,2015-02-28,2015,0,Confirmed,Admin0,Month,MOH-BGD-20002021-Y01-01,SEARO
BANGLADESH,NA,NA,BANGLADESH,BGD,23,BGD,NA,2015-03-01,2015-03-31,2015,2,Confirmed,Admin0,Month,MOH-BGD-20002021-Y01-01,SEARO
BANGLADESH,NA,NA,BANGLADESH,BGD,23,BGD,NA,2003-01-01,2003-12-31,2003,486,Total,Admin0,Year,MOH-BGD-20002021-Y01-00,SEARO
BANGLADESH,NA,NA,BANGLADESH,BGD,23,BGD,NA,2004-01-01,2004-12-31,2004,3934,Total,Admin0,Year,MOH-BGD-20002021-Y01-00,SEARO
BANGLADESH,NA,NA,BANGLADESH,BGD,23,BGD,NA,2005-01-01,2005-12-31,2005,1048,Total,Admin0,Year,MOH-BGD-20002021-Y01-00,SEARO
BANGLADESH,NA,NA,BANGLADESH,BGD,23,BGD,NA,2015-07-01,2015-07-31,2015,171,Confirmed,Admin0,Month,MOH-BGD-20002021-Y01-01,SEARO
BANGLADESH,NA,NA,BANGLADESH,BGD,23,BGD,NA,2022-04-01,2022-04-30,2022,21,Total,Admin0,Month,WHO-ALL-2025-Y01-00,SEARO
BANGLADESH,NA,NA,BANGLADESH,BGD,23,BGD,NA,2022-05-01,2022-05-31,2022,131,Total,Admin0,Month,WHO-ALL-2025-Y01-00,SEARO
BANGLADESH,NA,NA,BANGLADESH,BGD,23,BGD,NA,2022-06-01,2022-06-30,2022,882,Total,Admin0,Month,WHO-ALL-2025-Y01-00,SEARO
BANGLADESH,NA,NA,BANGLADESH,BGD,23,BGD,NA,2022-07-01,2022-07-31,2022,1458,Total,Admin0,Month,WHO-ALL-2025-Y01-00,SEARO
BANGLADESH,NA,NA,BANGLADESH,BGD,23,BGD,NA,2022-08-01,2022-08-31,2022,2832,Total,Admin0,Month,WHO-ALL-2025-Y01-00,SEARO
BANGLADESH,NA,NA,BANGLADESH,BGD,23,BGD,NA,2022-09-01,2022-09-30,2022,11803,Total,Admin0,Month,WHO-ALL-2025-Y01-00,SEARO
BANGLADESH,NA,NA,BANGLADESH,BGD,23,BGD,NA,2022-10-01,2022-10-31,2022,19856,Total,Admin0,Month,WHO-ALL-2025-Y01-00,SEARO
BANGLADESH,NA,NA,BANGLADESH,BGD,23,BGD,NA,2022-11-01,2022-11-30,2022,18979,Total,Admin0,Month,WHO-ALL-2025-Y01-00,SEARO
BANGLADESH,NA,NA,BANGLADESH,BGD,23,BGD,NA,2022-12-01,2022-12-31,2022,6293,Total,Admin0,Month,WHO-ALL-2025-Y01-00,SEARO
BANGLADESH,NA,NA,BANGLADESH,BGD,23,BGD,NA,2023-01-01,2023-01-31,2023,504,Total,Admin0,Month,WHO-ALL-2025-Y01-00,SEARO
BANGLADESH,NA,NA,BANGLADESH,BGD,23,BGD,NA,2023-02-01,2023-02-28,2023,182,Total,Admin0,Month,WHO-ALL-2025-Y01-00,SEARO
BANGLADESH,NA,NA,BANGLADESH,BGD,23,BGD,NA,2023-03-01,2023-03-31,2023,123,Total,Admin0,Month,WHO-ALL-2025-Y01-00,SEARO
BANGLADESH,NA,NA,BANGLADESH,BGD,23,BGD,NA,2023-04-01,2023-04-30,2023,136,Total,Admin0,Month,WHO-ALL-2025-Y01-00,SEARO
BANGLADESH,NA,NA,BANGLADESH,BGD,23,BGD,NA,2023-05-01,2023-05-31,2023,785,Total,Admin0,Month,WHO-ALL-2025-Y01-00,SEARO
BANGLADESH,NA,NA,BANGLADESH,BGD,23,BGD,NA,2023-06-01,2023-06-30,2023,6986,Total,Admin0,Month,WHO-ALL-2025-Y01-00,SEARO
BANGLADESH,NA,NA,BANGLADESH,BGD,23,BGD,NA,2023-07-01,2023-07-31,2023,40381,Total,Admin0,Month,WHO-ALL-2025-Y01-00,SEARO
BANGLADESH,NA,NA,BANGLADESH,BGD,23,BGD,NA,2023-08-01,2023-08-31,2023,81164,Total,Admin0,Month,WHO-ALL-2025-Y01-00,SEARO
BANGLADESH,NA,NA,BANGLADESH,BGD,23,BGD,NA,2023-09-01,2023-09-30,2023,75986,Total,Admin0,Month,WHO-ALL-2025-Y01-00,SEARO
BANGLADESH,NA,NA,BANGLADESH,BGD,23,BGD,NA,2023-10-01,2023-10-31,2023,61392,Total,Admin0,Month,WHO-ALL-2025-Y01-00,SEARO
BANGLADESH,NA,NA,BANGLADESH,BGD,23,BGD,NA,2023-11-01,2023-11-30,2023,46026,Total,Admin0,Month,WHO-ALL-2025-Y01-00,SEARO
BANGLADESH,NA,NA,BANGLADESH,BGD,23,BGD,NA,2023-12-01,2023-12-31,2023,7473,Total,Admin0,Month,WHO-ALL-2025-Y01-00,SEARO
BANGLADESH,NA,NA,BANGLADESH,BGD,23,BGD,NA,2024-01-01,2024-01-31,2024,1055,Total,Admin0,Month,WHO-ALL-2025-Y01-00,SEARO
BANGLADESH,NA,NA,BANGLADESH,BGD,23,BGD,NA,2024-02-01,2024-02-29,2024,339,Total,Admin0,Month,WHO-ALL-2025-Y01-00,SEARO
BANGLADESH,NA,NA,BANGLADESH,BGD,23,BGD,NA,2024-03-01,2024-03-31,2024,311,Total,Admin0,Month,WHO-ALL-2025-Y01-00,SEARO
BANGLADESH,NA,NA,BANGLADESH,BGD,23,BGD,NA,2024-04-01,2024-04-30,2024,504,Total,Admin0,Month,WHO-ALL-2025-Y01-00,SEARO
BANGLADESH,NA,NA,BANGLADESH,BGD,23,BGD,NA,2024-05-01,2024-05-31,2024,644,Total,Admin0,Month,WHO-ALL-2025-Y01-00,SEARO
BANGLADESH,NA,NA,BANGLADESH,BGD,23,BGD,NA,2024-06-01,2024-06-30,2024,798,Total,Admin0,Month,WHO-ALL-2025-Y01-00,SEARO
BANGLADESH,NA,NA,BANGLADESH,BGD,23,BGD,NA,2017-11-01,2017-11-30,2017,409,Confirmed,Admin0,Month,MOH-BGD-20002021-Y01-01,SEARO
BANGLADESH,NA,NA,BANGLADESH,BGD,23,BGD,NA,2017-12-01,2017-12-31,2017,126,Confirmed,Admin0,Month,MOH-BGD-20002021-Y01-01,SEARO
BANGLADESH,NA,NA,BANGLADESH,BGD,23,BGD,NA,2018-01-01,2018-01-31,2018,26,Confirmed,Admin0,Month,MOH-BGD-20002021-Y01-01,SEARO
BANGLADESH,NA,NA,BANGLADESH,BGD,23,BGD,NA,2018-02-01,2018-02-28,2018,7,Confirmed,Admin0,Month,MOH-BGD-20002021-Y01-01,SEARO
BANGLADESH,NA,NA,BANGLADESH,BGD,23,BGD,NA,2018-03-01,2018-03-31,2018,19,Confirmed,Admin0,Month,MOH-BGD-20002021-Y01-01,SEARO
BANGLADESH,NA,NA,BANGLADESH,BGD,23,BGD,NA,2018-04-01,2018-04-30,2018,29,Confirmed,Admin0,Month,MOH-BGD-20002021-Y01-01,SEARO
BANGLADESH,NA,NA,BANGLADESH,BGD,23,BGD,NA,2018-05-01,2018-05-31,2018,52,Confirmed,Admin0,Month,MOH-BGD-20002021-Y01-01,SEARO
BANGLADESH,NA,NA,BANGLADESH,BGD,23,BGD,NA,2018-06-01,2018-06-30,2018,295,Confirmed,Admin0,Month,MOH-BGD-20002021-Y01-01,SEARO
BANGLADESH,NA,NA,BANGLADESH,BGD,23,BGD,NA,2018-07-01,2018-07-31,2018,946,Confirmed,Admin0,Month,MOH-BGD-20002021-Y01-01,SEARO
BANGLADESH,NA,NA,BANGLADESH,BGD,23,BGD,NA,2015-04-01,2015-04-30,2015,6,Confirmed,Admin0,Month,MOH-BGD-20002021-Y01-01,SEARO
BANGLADESH,NA,NA,BANGLADESH,BGD,23,BGD,NA,2015-05-01,2015-05-31,2015,10,Confirmed,Admin0,Month,MOH-BGD-20002021-Y01-01,SEARO
BANGLADESH,NA,NA,BANGLADESH,BGD,23,BGD,NA,2015-06-01,2015-06-30,2015,28,Confirmed,Admin0,Month,MOH-BGD-20002021-Y01-01,SEARO
BANGLADESH,NA,NA,BANGLADESH,BGD,23,BGD,NA,2022-03-01,2022-03-31,2022,22,Total,Admin0,Month,WHO-ALL-2025-Y01-00,SEARO
BANGLADESH,NA,NA,BANGLADESH,BGD,23,BGD,NA,2008-11-01,2008-11-30,2008,0,Confirmed,Admin0,Month,LITERATURE-BGD-20082022-Y01-00,SEARO
BANGLADESH,NA,NA,BANGLADESH,BGD,23,BGD,NA,2008-12-01,2008-12-31,2008,0,Confirmed,Admin0,Month,LITERATURE-BGD-20082022-Y01-00,SEARO
BANGLADESH,NA,NA,BANGLADESH,BGD,23,BGD,NA,2009-01-01,2009-01-31,2009,0,Confirmed,Admin0,Month,LITERATURE-BGD-20082022-Y01-00,SEARO
BANGLADESH,NA,NA,BANGLADESH,BGD,23,BGD,NA,2009-01-01,2009-12-31,2009,474,Total,Admin0,Year,MOH-BGD-20002021-Y01-00,SEARO
BANGLADESH,NA,NA,BANGLADESH,BGD,23,BGD,NA,2009-02-01,2009-02-28,2009,0,Confirmed,Admin0,Month,LITERATURE-BGD-20082022-Y01-00,SEARO
BANGLADESH,NA,NA,BANGLADESH,BGD,23,BGD,NA,2009-03-01,2009-03-31,2009,0,Confirmed,Admin0,Month,LITERATURE-BGD-20082022-Y01-00,SEARO
BANGLADESH,NA,NA,BANGLADESH,BGD,23,BGD,NA,2009-04-01,2009-04-30,2009,0,Confirmed,Admin0,Month,LITERATURE-BGD-20082022-Y01-00,SEARO
BANGLADESH,NA,NA,BANGLADESH,BGD,23,BGD,NA,2009-05-01,2009-05-31,2009,1,Confirmed,Admin0,Month,LITERATURE-BGD-20082022-Y01-00,SEARO
BANGLADESH,NA,NA,BANGLADESH,BGD,23,BGD,NA,2009-06-01,2009-06-30,2009,0,Confirmed,Admin0,Month,LITERATURE-BGD-20082022-Y01-00,SEARO
BANGLADESH,NA,NA,BANGLADESH,BGD,23,BGD,NA,2009-07-01,2009-07-31,2009,4,Confirmed,Admin0,Month,LITERATURE-BGD-20082022-Y01-00,SEARO
BANGLADESH,NA,NA,BANGLADESH,BGD,23,BGD,NA,2009-08-01,2009-08-31,2009,125,Confirmed,Admin0,Month,LITERATURE-BGD-20082022-Y01-00,SEARO
BANGLADESH,NA,NA,BANGLADESH,BGD,23,BGD,NA,2009-09-01,2009-09-30,2009,188,Confirmed,Admin0,Month,LITERATURE-BGD-20082022-Y01-00,SEARO
BANGLADESH,NA,NA,BANGLADESH,BGD,23,BGD,NA,2009-10-01,2009-10-31,2009,154,Confirmed,Admin0,Month,LITERATURE-BGD-20082022-Y01-00,SEARO
BANGLADESH,NA,NA,BANGLADESH,BGD,23,BGD,NA,2009-11-01,2009-11-30,2009,0,Confirmed,Admin0,Month,LITERATURE-BGD-20082022-Y01-00,SEARO
BANGLADESH,NA,NA,BANGLADESH,BGD,23,BGD,NA,2009-12-01,2009-12-31,2009,0,Confirmed,Admin0,Month,LITERATURE-BGD-20082022-Y01-00,SEARO
BANGLADESH,NA,NA,BANGLADESH,BGD,23,BGD,NA,2010-01-01,2010-01-31,2010,0,Confirmed,Admin0,Month,LITERATURE-BGD-20082022-Y01-00,SEARO
BANGLADESH,NA,NA,BANGLADESH,BGD,23,BGD,NA,2010-01-01,2010-12-31,2010,409,Total,Admin0,Year,MOH-BGD-20002021-Y01-00,SEARO
BANGLADESH,NA,NA,BANGLADESH,BGD,23,BGD,NA,2010-02-01,2010-02-28,2010,0,Confirmed,Admin0,Month,LITERATURE-BGD-20082022-Y01-00,SEARO
BANGLADESH,NA,NA,BANGLADESH,BGD,23,BGD,NA,2010-03-01,2010-03-31,2010,0,Confirmed,Admin0,Month,LITERATURE-BGD-20082022-Y01-00,SEARO
BANGLADESH,NA,NA,BANGLADESH,BGD,23,BGD,NA,2010-04-01,2010-04-30,2010,0,Confirmed,Admin0,Month,LITERATURE-BGD-20082022-Y01-00,SEARO
BANGLADESH,NA,NA,BANGLADESH,BGD,23,BGD,NA,2010-05-01,2010-05-31,2010,0,Confirmed,Admin0,Month,LITERATURE-BGD-20082022-Y01-00,SEARO
BANGLADESH,NA,NA,BANGLADESH,BGD,23,BGD,NA,2010-06-01,2010-06-30,2010,0,Confirmed,Admin0,Month,LITERATURE-BGD-20082022-Y01-00,SEARO
BANGLADESH,NA,NA,BANGLADESH,BGD,23,BGD,NA,2010-07-01,2010-07-31,2010,61,Confirmed,Admin0,Month,LITERATURE-BGD-20082022-Y01-00,SEARO
BANGLADESH,NA,NA,BANGLADESH,BGD,23,BGD,NA,2010-08-01,2010-08-31,2010,183,Confirmed,Admin0,Month,LITERATURE-BGD-20082022-Y01-00,SEARO
BANGLADESH,NA,NA,BANGLADESH,BGD,23,BGD,NA,2010-09-01,2010-09-30,2010,120,Confirmed,Admin0,Month,LITERATURE-BGD-20082022-Y01-00,SEARO
BANGLADESH,NA,NA,BANGLADESH,BGD,23,BGD,NA,2010-10-01,2010-10-31,2010,45,Confirmed,Admin0,Month,LITERATURE-BGD-20082022-Y01-00,SEARO
BANGLADESH,NA,NA,BANGLADESH,BGD,23,BGD,NA,2010-11-01,2010-11-30,2010,0,Confirmed,Admin0,Month,LITERATURE-BGD-20082022-Y01-00,SEARO
BANGLADESH,NA,NA,BANGLADESH,BGD,23,BGD,NA,2024-07-01,2024-07-31,2024,2669,Total,Admin0,Month,WHO-ALL-2025-Y01-00,SEARO
BANGLADESH,NA,NA,BANGLADESH,BGD,23,BGD,NA,2024-08-01,2024-08-31,2024,6521,Total,Admin0,Month,WHO-ALL-2025-Y01-00,SEARO
BANGLADESH,NA,NA,BANGLADESH,BGD,23,BGD,NA,2024-09-01,2024-09-30,2024,18097,Total,Admin0,Month,WHO-ALL-2025-Y01-00,SEARO
BANGLADESH,NA,NA,BANGLADESH,BGD,23,BGD,NA,2024-10-01,2024-10-31,2024,30879,Total,Admin0,Month,WHO-ALL-2025-Y01-00,SEARO
BANGLADESH,NA,NA,BANGLADESH,BGD,23,BGD,NA,2024-11-01,2024-11-30,2024,29652,Total,Admin0,Month,WHO-ALL-2025-Y01-00,SEARO
BANGLADESH,NA,NA,BANGLADESH,BGD,23,BGD,NA,2024-12-01,2024-12-31,2024,9745,Total,Admin0,Month,WHO-ALL-2025-Y01-00,SEARO
BANGLADESH,NA,NA,BANGLADESH,BGD,23,BGD,NA,2025-01-01,2025-01-31,2025,1161,Total,Admin0,Month,WHO-ALL-2025-Y01-00,SEARO
BANGLADESH,NA,NA,BANGLADESH,BGD,23,BGD,NA,2025-02-01,2025-02-28,2025,374,Total,Admin0,Month,WHO-ALL-2025-Y01-00,SEARO
BANGLADESH,NA,NA,BANGLADESH,BGD,23,BGD,NA,2025-03-01,2025-03-31,2025,336,Total,Admin0,Month,WHO-ALL-2025-Y01-00,SEARO
BANGLADESH,NA,NA,BANGLADESH,BGD,23,BGD,NA,2008-07-01,2008-07-31,2008,160,Confirmed,Admin0,Month,LITERATURE-BGD-20082022-Y01-00,SEARO
BANGLADESH,NA,NA,BANGLADESH,BGD,23,BGD,NA,2008-08-01,2008-08-31,2008,473,Confirmed,Admin0,Month,LITERATURE-BGD-20082022-Y01-00,SEARO
BANGLADESH,NA,NA,BANGLADESH,BGD,23,BGD,NA,2008-09-01,2008-09-30,2008,334,Confirmed,Admin0,Month,LITERATURE-BGD-20082022-Y01-00,SEARO
BANGLADESH,NA,NA,BANGLADESH,BGD,23,BGD,NA,2008-10-01,2008-10-31,2008,184,Confirmed,Admin0,Month,LITERATURE-BGD-20082022-Y01-00,SEARO
BANGLADESH,NA,NA,BANGLADESH,BGD,23,BGD,NA,2012-01-01,2012-01-31,2012,0,Confirmed,Admin0,Month,MOH-BGD-20002021-Y01-01,SEARO
BANGLADESH,NA,NA,BANGLADESH,BGD,23,BGD,NA,2012-02-01,2012-02-29,2012,0,Confirmed,Admin0,Month,MOH-BGD-20002021-Y01-01,SEARO
BANGLADESH,NA,NA,BANGLADESH,BGD,23,BGD,NA,2012-03-01,2012-03-31,2012,0,Confirmed,Admin0,Month,MOH-BGD-20002021-Y01-01,SEARO
BANGLADESH,NA,NA,BANGLADESH,BGD,23,BGD,NA,2012-04-01,2012-04-30,2012,0,Confirmed,Admin0,Month,MOH-BGD-20002021-Y01-01,SEARO
BANGLADESH,NA,NA,BANGLADESH,BGD,23,BGD,NA,2012-05-01,2012-05-31,2012,0,Confirmed,Admin0,Month,MOH-BGD-20002021-Y01-01,SEARO
BANGLADESH,NA,NA,BANGLADESH,BGD,23,BGD,NA,2012-06-01,2012-06-30,2012,16,Confirmed,Admin0,Month,MOH-BGD-20002021-Y01-01,SEARO
BANGLADESH,NA,NA,BANGLADESH,BGD,23,BGD,NA,2012-07-01,2012-07-31,2012,108,Confirmed,Admin0,Month,MOH-BGD-20002021-Y01-01,SEARO
BANGLADESH,NA,NA,BANGLADESH,BGD,23,BGD,NA,2012-08-01,2012-08-31,2012,138,Confirmed,Admin0,Month,MOH-BGD-20002021-Y01-01,SEARO
BANGLADESH,NA,NA,BANGLADESH,BGD,23,BGD,NA,2012-09-01,2012-09-30,2012,262,Confirmed,Admin0,Month,MOH-BGD-20002021-Y01-01,SEARO
BANGLADESH,NA,NA,BANGLADESH,BGD,23,BGD,NA,2012-10-01,2012-10-31,2012,90,Confirmed,Admin0,Month,MOH-BGD-20002021-Y01-01,SEARO
BANGLADESH,NA,NA,BANGLADESH,BGD,23,BGD,NA,2012-11-01,2012-11-30,2012,57,Confirmed,Admin0,Month,MOH-BGD-20002021-Y01-01,SEARO
BANGLADESH,NA,NA,BANGLADESH,BGD,23,BGD,NA,2012-12-01,2012-12-31,2012,0,Confirmed,Admin0,Month,MOH-BGD-20002021-Y01-01,SEARO
BANGLADESH,NA,NA,BANGLADESH,BGD,23,BGD,NA,2013-01-01,2013-01-31,2013,0,Confirmed,Admin0,Month,MOH-BGD-20002021-Y01-01,SEARO
BANGLADESH,NA,NA,BANGLADESH,BGD,23,BGD,NA,2013-02-01,2013-02-28,2013,0,Confirmed,Admin0,Month,MOH-BGD-20002021-Y01-01,SEARO
BANGLADESH,NA,NA,BANGLADESH,BGD,23,BGD,NA,2013-03-01,2013-03-31,2013,0,Confirmed,Admin0,Month,MOH-BGD-20002021-Y01-01,SEARO
BANGLADESH,NA,NA,BANGLADESH,BGD,23,BGD,NA,2013-04-01,2013-04-30,2013,0,Confirmed,Admin0,Month,MOH-BGD-20002021-Y01-01,SEARO
BANGLADESH,NA,NA,BANGLADESH,BGD,23,BGD,NA,2013-05-01,2013-05-31,2013,4,Confirmed,Admin0,Month,MOH-BGD-20002021-Y01-01,SEARO
BANGLADESH,NA,NA,BANGLADESH,BGD,23,BGD,NA,2013-06-01,2013-06-30,2013,44,Confirmed,Admin0,Month,MOH-BGD-20002021-Y01-01,SEARO
BANGLADESH,NA,NA,BANGLADESH,BGD,23,BGD,NA,2013-07-01,2013-07-31,2013,220,Confirmed,Admin0,Month,MOH-BGD-20002021-Y01-01,SEARO
BANGLADESH,NA,NA,BANGLADESH,BGD,23,BGD,NA,2013-08-01,2013-08-31,2013,353,Confirmed,Admin0,Month,MOH-BGD-20002021-Y01-01,SEARO
BANGLADESH,NA,NA,BANGLADESH,BGD,23,BGD,NA,2013-09-01,2013-09-30,2013,495,Confirmed,Admin0,Month,MOH-BGD-20002021-Y01-01,SEARO
BANGLADESH,NA,NA,BANGLADESH,BGD,23,BGD,NA,2013-10-01,2013-10-31,2013,363,Confirmed,Admin0,Month,MOH-BGD-20002021-Y01-01,SEARO
BANGLADESH,NA,NA,BANGLADESH,BGD,23,BGD,NA,2013-11-01,2013-11-30,2013,212,Confirmed,Admin0,Month,MOH-BGD-20002021-Y01-01,SEARO
BANGLADESH,NA,NA,BANGLADESH,BGD,23,BGD,NA,2013-12-01,2013-12-31,2013,58,Confirmed,Admin0,Month,MOH-BGD-20002021-Y01-01,SEARO
BANGLADESH,NA,NA,BANGLADESH,BGD,23,BGD,NA,2014-01-01,2014-01-31,2014,15,Confirmed,Admin0,Month,MOH-BGD-20002021-Y01-01,SEARO
BANGLADESH,NA,NA,BANGLADESH,BGD,23,BGD,NA,2014-02-01,2014-02-28,2014,7,Confirmed,Admin0,Month,MOH-BGD-20002021-Y01-01,SEARO
BANGLADESH,NA,NA,BANGLADESH,BGD,23,BGD,NA,2014-03-01,2014-03-31,2014,2,Confirmed,Admin0,Month,MOH-BGD-20002021-Y01-01,SEARO
BANGLADESH,NA,NA,BANGLADESH,BGD,23,BGD,NA,2020-12-01,2020-12-31,2020,231,Confirmed,Admin0,Month,MOH-BGD-20002021-Y01-01,SEARO
BANGLADESH,NA,NA,BANGLADESH,BGD,23,BGD,NA,2007-01-01,2007-12-31,2007,466,Total,Admin0,Year,MOH-BGD-20002021-Y01-00,SEARO
BANGLADESH,NA,NA,BANGLADESH,BGD,23,BGD,NA,2008-01-01,2008-01-31,2008,0,Confirmed,Admin0,Month,LITERATURE-BGD-20082022-Y01-00,SEARO
BANGLADESH,NA,NA,BANGLADESH,BGD,23,BGD,NA,2008-01-01,2008-12-31,2008,1153,Total,Admin0,Year,MOH-BGD-20002021-Y01-00,SEARO
BANGLADESH,NA,NA,BANGLADESH,BGD,23,BGD,NA,2008-02-01,2008-02-29,2008,0,Confirmed,Admin0,Month,LITERATURE-BGD-20082022-Y01-00,SEARO
BANGLADESH,NA,NA,BANGLADESH,BGD,23,BGD,NA,2008-03-01,2008-03-31,2008,0,Confirmed,Admin0,Month,LITERATURE-BGD-20082022-Y01-00,SEARO
BANGLADESH,NA,NA,BANGLADESH,BGD,23,BGD,NA,2008-04-01,2008-04-30,2008,0,Confirmed,Admin0,Month,LITERATURE-BGD-20082022-Y01-00,SEARO
BANGLADESH,NA,NA,BANGLADESH,BGD,23,BGD,NA,2008-05-01,2008-05-31,2008,0,Confirmed,Admin0,Month,LITERATURE-BGD-20082022-Y01-00,SEARO
BANGLADESH,NA,NA,BANGLADESH,BGD,23,BGD,NA,2008-06-01,2008-06-30,2008,0,Confirmed,Admin0,Month,LITERATURE-BGD-20082022-Y01-00,SEARO
BANGLADESH,NA,NA,BANGLADESH,BGD,23,BGD,NA,2011-08-01,2011-08-31,2011,691,Confirmed,Admin0,Month,MOH-BGD-20002021-Y01-01,SEARO
BANGLADESH,NA,NA,BANGLADESH,BGD,23,BGD,NA,2011-09-01,2011-09-30,2011,193,Confirmed,Admin0,Month,MOH-BGD-20002021-Y01-01,SEARO
BANGLADESH,NA,NA,BANGLADESH,BGD,23,BGD,NA,2011-10-01,2011-10-31,2011,114,Confirmed,Admin0,Month,MOH-BGD-20002021-Y01-01,SEARO
BANGLADESH,NA,NA,BANGLADESH,BGD,23,BGD,NA,2018-08-01,2018-08-31,2018,1796,Confirmed,Admin0,Month,MOH-BGD-20002021-Y01-01,SEARO
BANGLADESH,NA,NA,BANGLADESH,BGD,23,BGD,NA,2018-09-01,2018-09-30,2018,3087,Confirmed,Admin0,Month,MOH-BGD-20002021-Y01-01,SEARO
BANGLADESH,NA,NA,BANGLADESH,BGD,23,BGD,NA,2018-10-01,2018-10-31,2018,2406,Confirmed,Admin0,Month,MOH-BGD-20002021-Y01-01,SEARO
BANGLADESH,NA,NA,BANGLADESH,BGD,23,BGD,NA,2018-11-01,2018-11-30,2018,1192,Confirmed,Admin0,Month,MOH-BGD-20002021-Y01-01,SEARO
BANGLADESH,NA,NA,BANGLADESH,BGD,23,BGD,NA,2018-12-01,2018-12-31,2018,293,Confirmed,Admin0,Month,MOH-BGD-20002021-Y01-01,SEARO
BANGLADESH,NA,NA,BANGLADESH,BGD,23,BGD,NA,2019-01-01,2019-01-31,2019,38,Confirmed,Admin0,Month,MOH-BGD-20002021-Y01-01,SEARO
BANGLADESH,NA,NA,BANGLADESH,BGD,23,BGD,NA,2019-02-01,2019-02-28,2019,18,Confirmed,Admin0,Month,MOH-BGD-20002021-Y01-01,SEARO
BANGLADESH,NA,NA,BANGLADESH,BGD,23,BGD,NA,2019-03-01,2019-03-31,2019,17,Confirmed,Admin0,Month,MOH-BGD-20002021-Y01-01,SEARO
BANGLADESH,NA,NA,BANGLADESH,BGD,23,BGD,NA,2019-04-01,2019-04-30,2019,58,Confirmed,Admin0,Month,MOH-BGD-20002021-Y01-01,SEARO
BANGLADESH,NA,NA,BANGLADESH,BGD,23,BGD,NA,2019-05-01,2019-05-31,2019,193,Confirmed,Admin0,Month,MOH-BGD-20002021-Y01-01,SEARO
BANGLADESH,NA,NA,BANGLADESH,BGD,23,BGD,NA,2019-06-01,2019-06-30,2019,1884,Confirmed,Admin0,Month,MOH-BGD-20002021-Y01-01,SEARO
BANGLADESH,NA,NA,BANGLADESH,BGD,23,BGD,NA,2019-07-01,2019-07-31,2019,16253,Confirmed,Admin0,Month,MOH-BGD-20002021-Y01-01,SEARO
BANGLADESH,NA,NA,BANGLADESH,BGD,23,BGD,NA,2019-08-01,2019-08-31,2019,56236,Confirmed,Admin0,Month,MOH-BGD-20002021-Y01-01,SEARO
BANGLADESH,NA,NA,BANGLADESH,BGD,23,BGD,NA,2019-09-01,2019-09-30,2019,16856,Confirmed,Admin0,Month,MOH-BGD-20002021-Y01-01,SEARO
BANGLADESH,NA,NA,BANGLADESH,BGD,23,BGD,NA,2019-10-01,2019-10-31,2019,8143,Confirmed,Admin0,Month,MOH-BGD-20002021-Y01-01,SEARO
BANGLADESH,NA,NA,BANGLADESH,BGD,23,BGD,NA,2019-11-01,2019-11-30,2019,4011,Confirmed,Admin0,Month,MOH-BGD-20002021-Y01-01,SEARO
BANGLADESH,NA,NA,BANGLADESH,BGD,23,BGD,NA,2019-12-01,2019-12-31,2019,1247,Confirmed,Admin0,Month,MOH-BGD-20002021-Y01-01,SEARO
BANGLADESH,NA,NA,BANGLADESH,BGD,23,BGD,NA,2020-01-01,2020-01-31,2020,199,Confirmed,Admin0,Month,MOH-BGD-20002021-Y01-01,SEARO
BANGLADESH,NA,NA,BANGLADESH,BGD,23,BGD,NA,2020-02-01,2020-02-29,2020,45,Confirmed,Admin0,Month,MOH-BGD-20002021-Y01-01,SEARO
BANGLADESH,NA,NA,BANGLADESH,BGD,23,BGD,NA,2020-03-01,2020-03-31,2020,27,Confirmed,Admin0,Month,MOH-BGD-20002021-Y01-01,SEARO
BANGLADESH,NA,NA,BANGLADESH,BGD,23,BGD,NA,2020-04-01,2020-04-30,2020,25,Confirmed,Admin0,Month,MOH-BGD-20002021-Y01-01,SEARO
BANGLADESH,NA,NA,BANGLADESH,BGD,23,BGD,NA,2020-05-01,2020-05-31,2020,10,Confirmed,Admin0,Month,MOH-BGD-20002021-Y01-01,SEARO
BANGLADESH,NA,NA,BANGLADESH,BGD,23,BGD,NA,2020-06-01,2020-06-30,2020,20,Confirmed,Admin0,Month,MOH-BGD-20002021-Y01-01,SEARO
BANGLADESH,NA,NA,BANGLADESH,BGD,23,BGD,NA,2020-07-01,2020-07-31,2020,23,Confirmed,Admin0,Month,MOH-BGD-20002021-Y01-01,SEARO
BANGLADESH,NA,NA,BANGLADESH,BGD,23,BGD,NA,2020-08-01,2020-08-31,2020,68,Confirmed,Admin0,Month,MOH-BGD-20002021-Y01-01,SEARO
BANGLADESH,NA,NA,BANGLADESH,BGD,23,BGD,NA,2020-09-01,2020-09-30,2020,47,Confirmed,Admin0,Month,MOH-BGD-20002021-Y01-01,SEARO
BANGLADESH,NA,NA,BANGLADESH,BGD,23,BGD,NA,2020-10-01,2020-10-31,2020,164,Confirmed,Admin0,Month,MOH-BGD-20002021-Y01-01,SEARO
BANGLADESH,NA,NA,BANGLADESH,BGD,23,BGD,NA,2020-11-01,2020-11-30,2020,546,Confirmed,Admin0,Month,MOH-BGD-20002021-Y01-01,SEARO
BANGLADESH,NA,NA,BANGLADESH,BGD,23,BGD,NA,2011-12-01,2011-12-31,2011,9,Confirmed,Admin0,Month,MOH-BGD-20002021-Y01-01,SEARO
BANGLADESH,NA,NA,BANGLADESH,BGD,23,BGD,NA,2010-12-01,2010-12-31,2010,0,Confirmed,Admin0,Month,LITERATURE-BGD-20082022-Y01-00,SEARO
BANGLADESH,NA,NA,BANGLADESH,BGD,23,BGD,NA,2011-01-01,2011-01-31,2011,0,Confirmed,Admin0,Month,MOH-BGD-20002021-Y01-01,SEARO
BANGLADESH,NA,NA,BANGLADESH,BGD,23,BGD,NA,2011-02-01,2011-02-28,2011,0,Confirmed,Admin0,Month,MOH-BGD-20002021-Y01-01,SEARO
BANGLADESH,NA,NA,BANGLADESH,BGD,23,BGD,NA,2011-03-01,2011-03-31,2011,0,Confirmed,Admin0,Month,MOH-BGD-20002021-Y01-01,SEARO
BANGLADESH,NA,NA,BANGLADESH,BGD,23,BGD,NA,2011-04-01,2011-04-30,2011,0,Confirmed,Admin0,Month,MOH-BGD-20002021-Y01-01,SEARO
BANGLADESH,NA,NA,BANGLADESH,BGD,23,BGD,NA,2011-05-01,2011-05-31,2011,0,Confirmed,Admin0,Month,MOH-BGD-20002021-Y01-01,SEARO
BANGLADESH,NA,NA,BANGLADESH,BGD,23,BGD,NA,2011-06-01,2011-06-30,2011,61,Confirmed,Admin0,Month,MOH-BGD-20002021-Y01-01,SEARO
BANGLADESH,NA,NA,BANGLADESH,BGD,23,BGD,NA,2011-07-01,2011-07-31,2011,255,Confirmed,Admin0,Month,MOH-BGD-20002021-Y01-01,SEARO
BANGLADESH,NA,NA,BANGLADESH,BGD,23,BGD,NA,2021-07-01,2021-07-31,2021,2286,Confirmed,Admin0,Month,MOH-BGD-20002021-Y01-01,SEARO
BANGLADESH,NA,NA,BANGLADESH,BGD,23,BGD,NA,2021-08-01,2021-08-31,2021,7698,Confirmed,Admin0,Month,MOH-BGD-20002021-Y01-01,SEARO
BANGLADESH,NA,NA,BANGLADESH,BGD,23,BGD,NA,2021-09-01,2021-09-30,2021,6095,Confirmed,Admin0,Month,MOH-BGD-20002021-Y01-01,SEARO
BANGLADESH,NA,NA,BANGLADESH,BGD,23,BGD,NA,2011-11-01,2011-11-30,2011,36,Confirmed,Admin0,Month,MOH-BGD-20002021-Y01-01,SEARO
BANGLADESH,NA,NA,BANGLADESH,BGD,23,BGD,NA,2021-10-01,2021-10-31,2021,4911,Total,Admin0,Month,WHO-ALL-2025-Y01-00,SEARO
BANGLADESH,NA,NA,BANGLADESH,BGD,23,BGD,NA,2022-02-01,2022-02-28,2022,21,Total,Admin0,Month,WHO-ALL-2025-Y01-00,SEARO
BANGLADESH,NA,NA,BANGLADESH,BGD,23,BGD,NA,2022-01-01,2022-01-31,2022,110,Total,Admin0,Month,WHO-ALL-2025-Y01-00,SEARO
BANGLADESH,NA,NA,BANGLADESH,BGD,23,BGD,NA,2021-04-01,2021-04-30,2021,3,Confirmed,Admin0,Month,MOH-BGD-20002021-Y01-01,SEARO
BANGLADESH,NA,NA,BANGLADESH,BGD,23,BGD,NA,2021-01-01,2021-01-31,2021,32,Confirmed,Admin0,Month,MOH-BGD-20002021-Y01-01,SEARO
BANGLADESH,NA,NA,BANGLADESH,BGD,23,BGD,NA,2021-02-01,2021-02-28,2021,9,Confirmed,Admin0,Month,MOH-BGD-20002021-Y01-01,SEARO
BANGLADESH,NA,NA,BANGLADESH,BGD,23,BGD,NA,2021-03-01,2021-03-31,2021,13,Confirmed,Admin0,Month,MOH-BGD-20002021-Y01-01,SEARO
BANGLADESH,NA,NA,BANGLADESH,BGD,23,BGD,NA,2021-12-01,2021-12-31,2021,1366,Total,Admin0,Month,WHO-ALL-2025-Y01-00,SEARO
BANGLADESH,NA,NA,BANGLADESH,BGD,23,BGD,NA,2021-05-01,2021-05-31,2021,43,Confirmed,Admin0,Month,MOH-BGD-20002021-Y01-01,SEARO
BANGLADESH,NA,NA,BANGLADESH,BGD,23,BGD,NA,2021-06-01,2021-06-30,2021,272,Confirmed,Admin0,Month,MOH-BGD-20002021-Y01-01,SEARO
BANGLADESH,NA,NA,BANGLADESH,BGD,23,BGD,NA,2021-11-01,2021-11-30,2021,3423,Total,Admin0,Month,WHO-ALL-2025-Y01-00,SEARO